Cost_term,Value,Percentage
extra_fuel_cost,1078.619428421266,35%
delay_cost,1985.0532299999998,65%
cancel_cost,0.0,0%
follow_cost,-11.938629872084675,-0%
objective,3051.734028549181,100%
