From,To,Distance,Duration,Timestring
ATL,LAX,3125.780835979746,14066,03:54
ATL,ORD,976.3291777270539,4393,01:13
ATL,DFW,1174.5334459361275,5285,01:28
LAX,ATL,3125.780835979746,14066,03:54
LAX,ORD,2802.119873568573,12609,03:30
LAX,DFW,1983.1772054356097,8924,02:28
ORD,ATL,976.3291777270539,4393,01:13
ORD,LAX,2802.119873568573,12609,03:30
ORD,DFW,1290.6470876758801,5807,01:36
DFW,ATL,1174.5334459361275,5285,01:28
DFW,LAX,1983.1772054356097,8924,02:28
DFW,ORD,1290.6470876758801,5807,01:36
