{
    "DelayCost": 1106.136,
    "ExtraFuelCost": 7.675994129385799e-05,
    "CancelCost": 0,
    "FollowGain": -53.100000000000186,
    "Objective": 1053.0361658122129
}