{
    "DelayCost": 1106.1359999999997,
    "ExtraFuelCost": 0.0,
    "CancelCost": 0.0,
    "FollowGain": -52.799999999999976,
    "Objective": 1053.3359999999998
}