{
    "DelayCost": 1843.5599999999997,
    "ExtraFuelCost": 2.9095434001646936e-05,
    "CancelCost": 0,
    "FollowGain": -53.100000000000186,
    "Objective": 1790.4600634215894
}