{
    "DelayCost": 737.424,
    "ExtraFuelCost": 6.0680118622258306e-05,
    "CancelCost": 0,
    "FollowGain": -63.50000000000022,
    "Objective": 673.9241580269154
}