{
    "DelayCost": 3169.33569,
    "ExtraFuelCost": 0.0,
    "CancelCost": 0.0,
    "FollowGain": -55.09999999999997,
    "Objective": 3114.23569
}