{
    "DelayCost": 3325.7310299999995,
    "ExtraFuelCost": 0.00040556320163886994,
    "CancelCost": 0,
    "FollowGain": -49.70000000000022,
    "Objective": 3276.0316287306196
}