{
    "DelayCost": 675.972,
    "ExtraFuelCost": 0.00017253360419999808,
    "CancelCost": 0,
    "FollowGain": -63.50000000000022,
    "Objective": 612.4724101710744
}