{
    "DelayCost": 860.3279999999999,
    "ExtraFuelCost": 0.0,
    "CancelCost": 0.0,
    "FollowGain": -58.99999999999998,
    "Objective": 801.3279999999999
}