{
    "DelayCost": 860.328,
    "ExtraFuelCost": 9.918470459524542e-05,
    "CancelCost": 0,
    "FollowGain": -59.00000000000021,
    "Objective": 801.3283388263371
}