{
    "DelayCost": 983.2319999999999,
    "ExtraFuelCost": 9.918470459524542e-05,
    "CancelCost": 0,
    "FollowGain": -59.00000000000021,
    "Objective": 924.2323388264049
}