{
    "DelayCost": 1398.2378399999998,
    "ExtraFuelCost": -0.00032627554901409894,
    "CancelCost": 0,
    "FollowGain": -45.70000000000021,
    "Objective": 1352.537745630747
}