{
    "DelayCost": 1448.83332,
    "ExtraFuelCost": 0.0,
    "CancelCost": 0.0,
    "FollowGain": -63.19999999999997,
    "Objective": 1385.63332
}