{
    "DelayCost": 371497.4925331354,
    "ExtraFuelCost": 0.0,
    "CancelCost": 0.0,
    "FollowGain": -2590.099999999999,
    "Objective": 368907.3925331354
}