{
    "DelayCost": 359684.46222,
    "ExtraFuelCost": 0.004983448656275868,
    "CancelCost": 0,
    "FollowGain": -2531.299999998802,
    "Objective": 357154.6999290682
}