{
    "DelayCost": 1290.492,
    "ExtraFuelCost": 0.00010606962314341217,
    "CancelCost": 0,
    "FollowGain": -63.50000000000022,
    "Objective": 1226.9923417439713
}