{
    "DelayCost": 33063.82592,
    "ExtraFuelCost": 7.182845729403198e-05,
    "CancelCost": 0,
    "FollowGain": -400.2000000000224,
    "Objective": 33663.62603765633
}