{
    "DelayCost": 1124.26434,
    "ExtraFuelCost": 0.000396490577259101,
    "CancelCost": 0,
    "FollowGain": -57.300000000000274,
    "Objective": 1066.9374135223916
}