{
    "DelayCost": 35138.63983939318,
    "ExtraFuelCost": 0.0,
    "CancelCost": 0.0,
    "FollowGain": -429.6000000000001,
    "Objective": 34709.03983939318
}