{
    "DelayCost": 1229.0399999999997,
    "ExtraFuelCost": 0.0,
    "CancelCost": 0.0,
    "FollowGain": -52.799999999999976,
    "Objective": 1176.2399999999998
}