{
    "DelayCost": 1417.8000599999998,
    "ExtraFuelCost": -0.00039276600000448525,
    "CancelCost": 0,
    "FollowGain": -63.50000000000022,
    "Objective": 1354.300012213891
}