{
    "DelayCost": 1417.8000599999998,
    "ExtraFuelCost": 0.0,
    "CancelCost": 0.0,
    "FollowGain": -63.19999999999997,
    "Objective": 1354.6000599999998
}