{
    "z_F00": 0.0,
    "dt_F00": 19860.0,
    "at_F00": 22848.0,
    "deltat_F00": 0.0,
    "y_F00_T00": 1.0,
    "v_F00_T00": 0.4471380466862509,
    "crt_F00_T00": 1187.9999984095286,
    "fc_F00_T00": 6164.603909774384,
    "tau1_F00_T00": 0.19993243318457088,
    "tau3_F00_T00": 5.001701667413526,
    "tau4_F00_T00": 11.186008749170822,
    "w_F00_T00": 2.2364458426590206,
    "y_F00_T01": 0.0,
    "v_F00_T01": 0.0,
    "crt_F00_T01": 1.5904713563941186e-06,
    "fc_F00_T01": 0.0,
    "tau1_F00_T01": 0.0,
    "tau3_F00_T01": 0.0,
    "tau4_F00_T01": 0.0,
    "w_F00_T01": 0.0,
    "z_F01": 0.0,
    "dt_F01": 25133.0,
    "at_F01": 26978.0,
    "deltat_F01": 0.0,
    "y_F01_T00": 1.0,
    "v_F01_T00": 7.288888885870542,
    "crt_F01_T00": 44.99999999625013,
    "fc_F01_T00": 650285.5201781318,
    "tau1_F01_T00": 53.12790116437901,
    "tau3_F01_T00": 0.01888384919396313,
    "tau4_F01_T00": 0.0025838952477880766,
    "w_F01_T00": 0.13722384483472913,
    "y_F01_T01": 0.0,
    "v_F01_T01": 0.0,
    "crt_F01_T01": 3.749867971691856e-09,
    "fc_F01_T01": 0.0,
    "tau1_F01_T01": 0.0,
    "tau3_F01_T01": 0.0,
    "tau4_F01_T01": 0.0,
    "w_F01_T01": 0.0,
    "z_F02": 0.0,
    "dt_F02": 29478.0,
    "at_F02": 33834.0,
    "deltat_F02": 0.0,
    "y_F02_T00": 1.0,
    "v_F02_T00": 0.30297339571844517,
    "crt_F02_T00": 2555.9999957442305,
    "fc_F02_T00": 5096.759191525064,
    "tau1_F02_T00": 0.09179287894370103,
    "tau3_F02_T00": 10.894099248438435,
    "tau4_F02_T00": 35.957253913531765,
    "w_F02_T00": 3.300619837070207,
    "y_F02_T01": 0.0,
    "v_F02_T01": 0.0,
    "crt_F02_T01": 4.255769454175606e-06,
    "fc_F02_T01": 0.0,
    "tau1_F02_T01": 0.0,
    "tau3_F02_T01": 0.0,
    "tau4_F02_T01": 0.0,
    "w_F02_T01": 0.0,
    "z_F03": 0.0,
    "dt_F03": 36540.0,
    "at_F03": 41184.0,
    "deltat_F03": 0.0,
    "y_F03_T00": 1.0,
    "v_F03_T00": 0.29029535844691756,
    "crt_F03_T00": 2843.999995158272,
    "fc_F03_T00": 5151.23657530374,
    "tau1_F03_T00": 0.08427139559805141,
    "tau3_F03_T00": 11.866430200803816,
    "tau4_F03_T00": 40.87706663267158,
    "w_F03_T00": 3.4447674399720047,
    "y_F03_T01": 0.0,
    "v_F03_T01": 0.0,
    "crt_F03_T01": 4.841727786697447e-06,
    "fc_F03_T01": 0.0,
    "tau1_F03_T01": 0.0,
    "tau3_F03_T01": 0.0,
    "tau4_F03_T01": 0.0,
    "w_F03_T01": 0.0,
    "z_F04": 0.0,
    "dt_F04": 43956.0,
    "at_F04": 49239.0,
    "deltat_F04": 0.0,
    "y_F04_T00": 1.0,
    "v_F04_T00": 0.26965259814347387,
    "crt_F04_T00": 3482.9999938342094,
    "fc_F04_T00": 5380.307082304489,
    "tau1_F04_T00": 0.07271252415979657,
    "tau3_F04_T00": 13.752795653439415,
    "tau4_F04_T00": 51.00187805661898,
    "w_F04_T00": 3.708475289210561,
    "y_F04_T01": 0.0,
    "v_F04_T01": 0.0,
    "crt_F04_T01": 6.165790637169266e-06,
    "fc_F04_T01": 0.0,
    "tau1_F04_T01": 0.0,
    "tau3_F04_T01": 0.0,
    "tau4_F04_T01": 0.0,
    "w_F04_T01": 0.0,
    "z_F05": 0.0,
    "dt_F05": 51605.0,
    "at_F05": 56888.0,
    "deltat_F05": 0.0,
    "y_F05_T00": 1.0,
    "v_F05_T00": 0.26965259813249043,
    "crt_F05_T00": 3482.9999938335764,
    "fc_F05_T00": 5380.307082611613,
    "tau1_F05_T00": 0.07271252412562101,
    "tau3_F05_T00": 13.752795652586745,
    "tau4_F05_T00": 51.00187821988952,
    "w_F05_T00": 3.7084752890976187,
    "y_F05_T01": 0.0,
    "v_F05_T01": 0.0,
    "crt_F05_T01": 6.1664236454817e-06,
    "fc_F05_T01": 0.0,
    "tau1_F05_T01": 0.0,
    "tau3_F05_T01": 0.0,
    "tau4_F05_T01": 0.0,
    "w_F05_T01": 0.0,
    "z_F06": 0.0,
    "dt_F06": 59209.0,
    "at_F06": 69262.0,
    "deltat_F06": 0.0,
    "y_F06_T00": 1.0,
    "v_F06_T00": 0.21655155695930828,
    "crt_F06_T00": 8252.999982361913,
    "fc_F06_T00": 8532.890362093347,
    "tau1_F06_T00": 0.04689457741550451,
    "tau3_F06_T00": 21.324430571368982,
    "tau4_F06_T00": 98.47274804579776,
    "w_F06_T00": 4.61783792815703,
    "y_F06_T01": 0.0,
    "v_F06_T01": 0.0,
    "crt_F06_T01": 1.7638087228988297e-05,
    "fc_F06_T01": 0.0,
    "tau1_F06_T01": 0.0,
    "tau3_F06_T01": 0.0,
    "tau4_F06_T01": 0.0,
    "w_F06_T01": 0.0,
    "z_F07": 0.0,
    "dt_F07": 72028.0,
    "at_F07": 77369.0,
    "deltat_F07": 0.0,
    "y_F07_T00": 1.0,
    "v_F07_T00": 0.2681728323407419,
    "crt_F07_T00": 3540.9999937134708,
    "fc_F07_T00": 5407.428586603253,
    "tau1_F07_T00": 0.07191666847990574,
    "tau3_F07_T00": 13.904988889850518,
    "tau4_F07_T00": 51.85082370940594,
    "w_F07_T00": 3.728938490996436,
    "y_F07_T01": 0.0,
    "v_F07_T01": 0.0,
    "crt_F07_T01": 6.2865292420610785e-06,
    "fc_F07_T01": 0.0,
    "tau1_F07_T01": 0.0,
    "tau3_F07_T01": 0.0,
    "tau4_F07_T01": 0.0,
    "w_F07_T01": 0.0,
    "z_F08": 0.0,
    "dt_F08": 80158.0,
    "at_F08": 84496.0,
    "deltat_F08": 0.0,
    "y_F08_T00": 1.0,
    "v_F08_T00": 0.30386130790195065,
    "crt_F08_T00": 2537.999995780607,
    "fc_F08_T00": 5094.752353419392,
    "tau1_F08_T00": 0.09233169487928627,
    "tau3_F08_T00": 10.830525122854247,
    "tau4_F08_T00": 35.64296237288193,
    "w_F08_T00": 3.2909751064688137,
    "y_F08_T01": 0.0,
    "v_F08_T01": 0.0,
    "crt_F08_T01": 4.2193928493361454e-06,
    "fc_F08_T01": 0.0,
    "tau1_F08_T01": 0.0,
    "tau3_F08_T01": 0.0,
    "tau4_F08_T01": 0.0,
    "w_F08_T01": 0.0,
    "z_F09": 0.0,
    "dt_F09": 87337.0,
    "at_F09": 91675.0,
    "deltat_F09": 0.0,
    "y_F09_T00": 1.0,
    "v_F09_T00": 0.303861307905283,
    "crt_F09_T00": 2537.9999957807736,
    "fc_F09_T00": 5094.752353725486,
    "tau1_F09_T00": 0.09233169488524395,
    "tau3_F09_T00": 10.830525122709854,
    "tau4_F09_T00": 35.64296238765505,
    "w_F09_T00": 3.2909751064462633,
    "y_F09_T01": 0.0,
    "v_F09_T01": 0.0,
    "crt_F09_T01": 4.219226411805721e-06,
    "fc_F09_T01": 0.0,
    "tau1_F09_T01": 0.0,
    "tau3_F09_T01": 0.0,
    "tau4_F09_T01": 0.0,
    "w_F09_T01": 0.0,
    "z_F10": 0.0,
    "dt_F10": 20040.0,
    "at_F10": 24684.0,
    "deltat_F10": 0.0,
    "y_F10_T00": 0.0,
    "v_F10_T00": 0.0,
    "crt_F10_T00": 4.841853751713643e-06,
    "fc_F10_T00": 0.0,
    "tau1_F10_T00": 0.0,
    "tau3_F10_T00": 0.0,
    "tau4_F10_T00": 0.0,
    "w_F10_T00": 0.0,
    "y_F10_T01": 1.0,
    "v_F10_T01": 0.2902953584405246,
    "crt_F10_T01": 2843.9999951581462,
    "fc_F10_T01": 5151.236574349391,
    "tau1_F10_T01": 0.08427139556814511,
    "tau3_F10_T01": 11.866430200050633,
    "tau4_F10_T01": 40.87706663092474,
    "w_F10_T01": 3.4447674398622357,
    "z_F11": 0.0,
    "dt_F11": 26580.0,
    "at_F11": 35247.0,
    "deltat_F11": 0.0,
    "y_F11_T00": 0.0,
    "v_F11_T00": 0.0,
    "crt_F11_T00": 1.3939278687757906e-05,
    "fc_F11_T00": 0.0,
    "tau1_F11_T00": 0.0,
    "tau3_F11_T00": 0.0,
    "tau4_F11_T00": 0.0,
    "w_F11_T00": 0.0,
    "y_F11_T01": 1.0,
    "v_F11_T01": 0.22437745728531708,
    "crt_F11_T01": 6866.999986060721,
    "fc_F11_T01": 7507.041560811242,
    "tau1_F11_T01": 0.05034524388920647,
    "tau3_F11_T01": 19.86285342077918,
    "tau4_F11_T01": 88.52426420493525,
    "w_F11_T01": 4.456775674851437,
    "z_F12": 0.0,
    "dt_F12": 37708.0,
    "at_F12": 42100.0,
    "deltat_F12": 0.0,
    "y_F12_T00": 0.0,
    "v_F12_T00": 0.0,
    "crt_F12_T00": 4.3286900108796544e-06,
    "fc_F12_T00": 0.0,
    "tau1_F12_T00": 0.0,
    "tau3_F12_T00": 0.0,
    "tau4_F12_T00": 0.0,
    "w_F12_T00": 0.0,
    "y_F12_T01": 1.0,
    "v_F12_T01": 0.30123456770073137,
    "crt_F12_T01": 2591.99999567131,
    "fc_F12_T01": 5101.31672223164,
    "tau1_F12_T01": 0.09074226525651174,
    "tau3_F12_T01": 11.020230947581355,
    "tau4_F12_T01": 36.58352747249853,
    "w_F12_T01": 3.3196721329277175,
    "z_F13": 0.0,
    "dt_F13": 45056.0,
    "at_F13": 57665.0,
    "deltat_F13": 0.0,
    "y_F13_T00": 0.0,
    "v_F13_T00": 0.0,
    "crt_F13_T00": 2.4912464141380042e-05,
    "fc_F13_T00": 0.0,
    "tau1_F13_T00": 0.0,
    "tau3_F13_T00": 0.0,
    "tau4_F13_T00": 0.0,
    "w_F13_T00": 0.0,
    "y_F13_T01": 1.0,
    "v_F13_T01": 0.20738273712071503,
    "crt_F13_T01": 10808.999975087536,