{
    "DelayCost": 96421.5136595088,
    "ExtraFuelCost": 0.0,
    "CancelCost": 0.0,
    "FollowGain": -1670.4000000000012,
    "Objective": 94751.1136595088
}