{
    "DelayCost": 96424.46975999999,
    "ExtraFuelCost": 0.002926220651715994,
    "CancelCost": 0,
    "FollowGain": -1670.3999999995815,
    "Objective": 94751.1174092358
}