{
    "DelayCost": 93590.65846149993,
    "ExtraFuelCost": 0.0,
    "CancelCost": 0.0,
    "FollowGain": -1999.9999999999993,
    "Objective": 91590.65846149993
}