{
    "DelayCost": 90346.52695,
    "ExtraFuelCost": 0.0008046687580645084,
    "CancelCost": 0,
    "FollowGain": -1994.9999999992883,
    "Objective": 88348.03261901776
}