{
    "DelayCost": 44851.65871999999,
    "ExtraFuelCost": -0.4482767971348949,
    "CancelCost": 0,
    "FollowGain": -1172.299328038338,
    "Objective": 43681.140322390944
}