{
    "DelayCost": 45754.1895375908,
    "ExtraFuelCost": 0.0,
    "CancelCost": 0.0,
    "FollowGain": -1194.3000000000004,
    "Objective": 44559.889537590796
}