{
    "DelayCost": 1232.4710699999998,
    "ExtraFuelCost": 0.0,
    "CancelCost": 0.0,
    "FollowGain": -52.799999999999976,
    "Objective": 1179.6710699999999
}