{
    "DelayCost": 1232.4710699999998,
    "ExtraFuelCost": 7.675994129385799e-05,
    "CancelCost": 0,
    "FollowGain": -53.100000000000186,
    "Objective": 1179.371235812141
}