{
    "DelayCost": 1325.92932,
    "ExtraFuelCost": 0.0,
    "CancelCost": 0.0,
    "FollowGain": -52.799999999999976,
    "Objective": 1273.12932
}