{
    "DelayCost": 1325.92932,
    "ExtraFuelCost": 2.9630711651407182e-05,
    "CancelCost": 0,
    "FollowGain": -53.100000000000186,
    "Objective": 1272.8293815882935
}