{
    "DelayCost": 921.7799999999999,
    "ExtraFuelCost": 0.0,
    "CancelCost": 0.0,
    "FollowGain": -52.799999999999976,
    "Objective": 868.9799999999999
}