{
    "DelayCost": 194492.53526968422,
    "ExtraFuelCost": 0.0,
    "CancelCost": 0.0,
    "FollowGain": -2607.699999999999,
    "Objective": 191884.8352696842
}