{
    "DelayCost": 193242.60646999997,
    "ExtraFuelCost": 0.002690904773771763,
    "CancelCost": 0,
    "FollowGain": -2574.899999998763,
    "Objective": 190662.13680218905
}