Cost_term,Value,Percentage
extra_fuel_cost,1136.0596245538827,12%
delay_cost,8613.044039999999,89%
cancel_cost,0.0,0%
follow_cost,-96.56508033808132,-1%
objective,9652.5385842158,100%
