{
    "DelayCost": 1867.6286999999998,
    "ExtraFuelCost": 0.0,
    "CancelCost": 0.0,
    "FollowGain": -58.99999999999998,
    "Objective": 1808.6286999999998
}