{
    "DelayCost": 1867.6286999999998,
    "ExtraFuelCost": 0.00013771156955044717,
    "CancelCost": 0,
    "FollowGain": -59.00000000000021,
    "Objective": 1808.6289789853035
}