{
    "MAXAC": 25,
    "MAXAPT": 23,
    "MAXACT": 3,
    "LOADFACTOR": 0.8,
    "MINFLIGHTDISTANCE": 600,
    "MAXFLIGHTDISTANCE": 3000,
    "ACTAVGSPEED": 0.2222222222222222,
    "ACMINCONTIME": 1800,
    "ACMAXCONTIME": 36000,
    "CREWMINCONTIME": 1800,
    "CREWMAXREPTIME": 14400,
    "PAXMINCONTIME": 1800,
    "STARTTIME": 18000,
    "ENDTIME": 93600,
    "DIRECTITINPROB": 0.85,
    "TWOHOPITINPROB": 0.12,
    "CRSTIMECOMPPCT": 0.09,
    "MAXHOLDTIME": 7200,
    "CRUISESTAGEDISTPCT": 0.8,
    "FLIGHTCANCELCOST": 20000,
    "FUELCOSTPERKG": 1.052863436123348,
    "FUELCONSUMPPARA": [
        36.0,
        9.6,
        0.00020555555555555556,
        0.010185185185185186
    ],
    "DELAYCOST": 0.01707,
    "FOLLOWSCHEDULECOST": -1,
    "FOLLOWSCHEDULECOSTPAX": -0.1,
    "PAXSCALE": 1,
    "SEED": 2
}