{
    "DelayCost": 190913.26979999998,
    "ExtraFuelCost": 0.0005955916712991893,
    "CancelCost": 0,
    "FollowGain": -1181.5000000000234,
    "Objective": 189730.2773172612
}