{
    "DelayCost": 195922.51337187752,
    "ExtraFuelCost": 0.0,
    "CancelCost": 0.0,
    "FollowGain": -1185.9,
    "Objective": 194736.61337187752
}