From,To,Distance,Duration,Timestring
ATL,LAX,3125.780835979746,14066,03:54
ATL,ORD,976.3291777270539,4393,01:13
LAX,ATL,3125.780835979746,14066,03:54
LAX,ORD,2802.119873568573,12609,03:30
ORD,ATL,976.3291777270539,4393,01:13
ORD,LAX,2802.119873568573,12609,03:30
