{
    "DelayCost": 737.4239999999999,
    "ExtraFuelCost": 0.0,
    "CancelCost": 0.0,
    "FollowGain": -58.99999999999998,
    "Objective": 678.4239999999999
}