{
    "DelayCost": 737.424,
    "ExtraFuelCost": -0.0008878938679117709,
    "CancelCost": 0,
    "FollowGain": -59.00000000000021,
    "Objective": 678.4231121055491
}