{
    "DelayCost": 986.6630699999998,
    "ExtraFuelCost": 0.0,
    "CancelCost": 0.0,
    "FollowGain": -63.19999999999997,
    "Objective": 923.4630699999999
}