{
    "DelayCost": 986.66307,
    "ExtraFuelCost": 5.0503003876656294e-05,
    "CancelCost": 0,
    "FollowGain": -63.50000000000022,
    "Objective": 923.1631656306708
}