{
    "DelayCost": 1229.04,
    "ExtraFuelCost": 2.4232445866800845e-05,
    "CancelCost": 0,
    "FollowGain": -59.00000000000021,
    "Objective": 1170.040059672785
}