Cost_term,Value,Percentage
extra_fuel_cost,1669.4445706686508,12%
delay_cost,12086.37936,88%
cancel_cost,0.0,0%
follow_cost,-6.179833433947351,-0%
objective,13749.644097234705,100%
