{
    "z_F00": 0.0,
    "dt_F00": 27060.0,
    "at_F00": 38697.00000042227,
    "deltat_F00": 971.9999995777325,
    "delay_F00": 6228.0000004222675,
    "y_F00_T00": 1.0,
    "v_F00_T00": 0.22787435194471584,
    "crt_F00_T00": 9836.999998938509,
    "fc_F00_T00": 11032.427400933844,
    "tau1_F00_T00": 0.05192672028010592,
    "tau3_F00_T00": 19.257909087999774,
    "tau4_F00_T00": 84.51108418855749,
    "w_F00_T00": 4.388383294556572,
    "y_F00_T01": 0.0,
    "v_F00_T01": 0.0,
    "crt_F00_T01": 4.7534693907505325e-07,
    "fc_F00_T01": 1.4568904500195578e-05,
    "tau1_F00_T01": 1.5154852100152695e-10,
    "tau3_F00_T01": 1.2010751062155065e-06,
    "tau4_F00_T01": 7.822129999967566e-08,
    "w_F00_T01": 2.870146146933909e-09,
    "z_F01": 0.0,
    "dt_F01": 34754.0,
    "at_F01": 47362.99999462179,
    "deltat_F01": 5.378216721082064e-06,
    "delay_F01": 0.0,
    "y_F01_T00": 0.0,
    "v_F01_T00": 0.0,
    "crt_F01_T00": 2.7669110723204297e-06,
    "fc_F01_T00": 1.4566225206663764e-05,
    "tau1_F01_T00": 1.5154852100152695e-10,
    "tau3_F01_T00": 1.2009952071778893e-06,
    "tau4_F01_T00": 7.810555976377301e-08,
    "w_F01_T00": 2.866681197667835e-09,
    "y_F01_T01": 1.0,
    "v_F01_T01": 0.2073827371297249,
    "crt_F01_T01": 10808.999988887252,
    "fc_F01_T01": 10503.886567720165,
    "tau1_F01_T01": 0.0430075997184205,
    "tau3_F01_T01": 23.2517056280367,
    "tau4_F01_T01": 112.11977079159091,
    "w_F01_T01": 4.8220021238830295,
    "z_F02": 0.0,
    "dt_F02": 49733.99999984219,
    "at_F02": 62342.99999149117,
    "deltat_F02": 8.35102478299099e-06,
    "delay_F02": 1.2846209330762175e-06,
    "y_F02_T00": 0.0,
    "v_F02_T00": 0.0,
    "crt_F02_T00": 2.3597985853269777e-06,
    "fc_F02_T00": 1.4566225276950115e-05,
    "tau1_F02_T00": 1.5154852186409613e-10,
    "tau3_F02_T00": 1.2009952072076576e-06,
    "tau4_F02_T00": 7.810555979291618e-08,
    "w_F02_T00": 2.866681198679668e-09,
    "y_F02_T01": 1.0,
    "v_F02_T01": 0.20738273726955003,
    "crt_F02_T01": 10808.999986480514,
    "fc_F02_T01": 10503.886678812554,
    "tau1_F02_T01": 0.043007599787040496,
    "tau3_F02_T01": 23.251705622973308,
    "tau4_F02_T01": 112.11977528319483,
    "w_F02_T01": 4.822002123363873,
    "z_F03": 0.0,
    "dt_F03": 64748.0,
    "at_F03": 77356.99999463372,
    "deltat_F03": 5.366287007920304e-06,
    "delay_F03": 0.0,
    "y_F03_T00": 0.0,
    "v_F03_T00": 0.0,
    "crt_F03_T00": 2.761228749611409e-06,
    "fc_F03_T00": 1.456622526696501e-05,
    "tau1_F03_T00": 1.515485218837085e-10,
    "tau3_F03_T00": 1.2009952065817318e-06,
    "tau4_F03_T00": 7.810555929888129e-08,
    "w_F03_T00": 2.866681181500322e-09,
    "y_F03_T01": 1.0,
    "v_F03_T01": 0.20738273714316124,
    "crt_F03_T01": 10808.999988764539,
    "fc_F03_T01": 10503.886835062889,
    "tau1_F03_T01": 0.043007599744895764,
    "tau3_F03_T01": 23.25170563619797,
    "tau4_F03_T01": 112.11978239476397,
    "w_F03_T01": 4.8220021247214975,
    "z_F04": 0.0,
    "dt_F04": 80063.00000535588,
    "at_F04": 92672.0,
    "deltat_F04": 5.355881702587045e-06,
    "delay_F04": 0.0,
    "y_F04_T00": 0.0,
    "v_F04_T00": 0.0,
    "crt_F04_T00": 2.756318023277898e-06,
    "fc_F04_T00": 1.4566225266862246e-05,
    "tau1_F04_T00": 1.515485218837085e-10,
    "tau3_F04_T00": 1.200995206588764e-06,
    "tau4_F04_T00": 7.810555929423824e-08,
    "w_F04_T00": 2.866681181330688e-09,
    "y_F04_T01": 1.0,
    "v_F04_T01": 0.20738273714343436,
    "crt_F04_T01": 10808.999988827212,
    "fc_F04_T01": 10503.886413940181,
    "tau1_F04_T01": 0.04300759967236645,
    "tau3_F04_T01": 23.251705598213174,
    "tau4_F04_T01": 112.11976420650588,
    "w_F04_T01": 4.8220021207527,
    "z_F05": 0.0,
    "dt_F05": 19980.0,
    "at_F05": 32588.999994603415,
    "deltat_F05": 5.39658381456484e-06,
    "delay_F05": 0.0,
    "y_F05_T00": 0.0,
    "v_F05_T00": 0.0,
    "crt_F05_T00": 2.780301273172137e-06,
    "fc_F05_T00": 1.4567999667253408e-05,
    "tau1_F05_T00": 1.5154852100152695e-10,
    "tau3_F05_T00": 1.2010630178093368e-06,
    "tau4_F05_T00": 7.818191238850834e-08,
    "w_F05_T00": 2.8690596470944536e-09,
    "y_F05_T01": 1.0,
    "v_F05_T01": 0.20738273710682464,
    "crt_F05_T01": 10808.999989408307,
    "fc_F05_T01": 10503.886442424466,
    "tau1_F05_T01": 0.043007599668202445,
    "tau3_F05_T01": 23.25170563718642,
    "tau4_F05_T01": 112.11976550255183,
    "w_F05_T01": 4.822002124817544,
    "z_F06": 0.0,
    "dt_F06": 40497.00000061852,
    "at_F06": 52134.000001372835,
    "deltat_F06": 971.9999992456871,
    "delay_F06": 4316.0000030441015,
    "y_F06_T00": 1.0,
    "v_F06_T00": 0.2278743519509311,
    "crt_F06_T00": 9836.999999153993,
    "fc_F06_T00": 11032.427421991686,
    "tau1_F06_T00": 0.05192672037967494,
    "tau3_F06_T00": 19.2579091031146,
    "tau4_F06_T00": 84.51108475279415,
    "w_F06_T00": 4.388383296263884,
    "y_F06_T01": 0.0,
    "v_F06_T01": 0.0,
    "crt_F06_T01": 4.921081003342464e-07,
    "fc_F06_T01": 1.456590030910479e-05,
    "tau1_F06_T01": 1.5154852100152695e-10,
    "tau3_F06_T01": 1.2009770054901823e-06,
    "tau4_F06_T01": 7.80916966317898e-08,
    "w_F06_T01": 2.8661853907174096e-09,
    "z_F07": 0.0,
    "dt_F07": 53934.00000116004,
    "at_F07": 65571.00000216003,
    "deltat_F07": 971.999999000019,
    "delay_F07": 2823.0000032973962,
    "y_F07_T00": 1.0,
    "v_F07_T00": 0.22787435194868938,
    "crt_F07_T00": 9836.999999401014,
    "fc_F07_T00": 11032.427340028094,
    "tau1_F07_T00": 0.051926720341267885,
    "tau3_F07_T00": 19.257909096751455,
    "tau4_F07_T00": 84.51108130079116,
    "w_F07_T00": 4.3883832955571025,
    "y_F07_T01": 0.0,
    "v_F07_T01": 0.0,
    "crt_F07_T01": 4.910975989941418e-07,
    "fc_F07_T01": 1.4566225276539706e-05,
    "tau1_F07_T01": 1.5154852186409613e-10,
    "tau3_F07_T01": 1.2009952071696246e-06,
    "tau4_F07_T01": 7.810555977570792e-08,
    "w_F07_T01": 2.8666811980871596e-09,
    "z_F08": 0.0,
    "dt_F08": 67371.00000229651,
    "at_F08": 71763.000000315,
    "deltat_F08": 1.9815032161734772e-06,
    "delay_F08": 1664.0000039294073,
    "y_F08_T00": 1.0,
    "v_F08_T00": 0.3012345683704226,
    "crt_F08_T00": 2591.9999973545864,
    "fc_F08_T00": 5101.316725655279,
    "tau1_F08_T00": 0.09074226526601525,
    "tau3_F08_T00": 11.02022637226404,
    "tau4_F08_T00": 36.58352733053767,
    "w_F08_T00": 3.319672131917879,
    "y_F08_T01": 0.0,
    "v_F08_T01": 0.0,
    "crt_F08_T01": 2.8466030433956127e-07,
    "fc_F08_T01": 6.964043150091593e-06,
    "tau1_F08_T01": 1.6377831931413698e-10,
    "tau3_F08_T01": 3.4659308634106835e-06,
    "tau4_F08_T01": 2.268639950606829e-07,
    "w_F08_T01": 4.884515515309103e-09,
    "z_F09": 0.0,
    "dt_F09": 73563.00000142604,
    "at_F09": 77954.99999987507,
    "deltat_F09": 1.5509717785986469e-06,
    "delay_F09": 801.0000010163423,
    "y_F09_T00": 1.0,
    "v_F09_T00": 0.3012345682445225,
    "crt_F09_T00": 2591.999997780902,
    "fc_F09_T00": 5101.316722083057,
    "tau1_F09_T00": 0.09074226514646888,
    "tau3_F09_T00": 11.020226381346003,
    "tau4_F09_T00": 36.58352742237359,
    "w_F09_T00": 3.319672133278281,
    "y_F09_T01": 0.0,
    "v_F09_T01": 0.0,
    "crt_F09_T01": 3.0854664228744877e-07,
    "fc_F09_T01": 6.964043150111054e-06,
    "tau1_F09_T01": 1.6377831931413698e-10,
    "tau3_F09_T01": 3.4659308634789043e-06,
    "tau4_F09_T01": 2.2686399506175328e-07,
    "w_F09_T01": 4.884515515351677e-09,
    "z_F10": 0.0,
    "dt_F10": 79755.00000978236,
    "at_F10": 84147.00000888138,
    "deltat_F10": 9.009770684148982e-07,
    "delay_F10": 1.3781222000823478e-05,
    "y_F10_T00": 1.0,
    "v_F10_T00": 0.3012345681161063,
    "crt_F10_T00": 2591.999998359733,
    "fc_F10_T00": 5101.316719570877,
    "tau1_F10_T00": 0.09074226508682282,
    "tau3_F10_T00": 11.020226390689295,
    "tau4_F10_T00": 36.58352743815023,
    "w_F10_T00": 3.3196721346756677,
    "y_F10_T01": 0.0,
    "v_F10_T01": 0.0,
    "crt_F10_T01": 3.822867762381242e-07,
    "fc_F10_T01": 6.964043150098776e-06,