{
    "DelayCost": 860.3279999999999,
    "ExtraFuelCost": 0.0,
    "CancelCost": 0.0,
    "FollowGain": -52.799999999999976,
    "Objective": 807.5279999999999
}