{
    "DelayCost": 737.4239999999999,
    "ExtraFuelCost": 0.0,
    "CancelCost": 0.0,
    "FollowGain": -63.19999999999997,
    "Objective": 674.2239999999999
}