{
    "DelayCost": 737.424,
    "ExtraFuelCost": -5.175232945475727e-05,
    "CancelCost": 0,
    "FollowGain": -63.50000000000022,
    "Objective": 673.9240282701066
}