{
    "DelayCost": 2420.2870199999998,
    "ExtraFuelCost": 0.0,
    "CancelCost": 0.0,
    "FollowGain": -55.09999999999997,
    "Objective": 2365.18702
}