{
    "DelayCost": 2239.87419,
    "ExtraFuelCost": 0.00048092064389493316,
    "CancelCost": 0,
    "FollowGain": -54.70000000000021,
    "Objective": 2185.1749078818684
}