{
    "DelayCost": 35396.352,
    "ExtraFuelCost": 3.243223181925714e-05,
    "CancelCost": 0,
    "FollowGain": -464.6000000000368,
    "Objective": 34931.75204748794
}