{
    "DelayCost": 298290.50022,
    "ExtraFuelCost": 0.001129584270529449,
    "CancelCost": 0,
    "FollowGain": -1936.59999999934,
    "Objective": 296346.47105153743
}