{
    "DelayCost": 312496.70712346,
    "ExtraFuelCost": 0.0,
    "CancelCost": 0.0,
    "FollowGain": -1966.999999999999,
    "Objective": 310529.70712346
}