{
    "DelayCost": 13717.537349999999,
    "ExtraFuelCost": 0.0031265324214473367,
    "CancelCost": 0,
    "FollowGain": -280.0000000000023,
    "Objective": 13437.509435721207
}