{
    "DelayCost": 2046.5222999999999,
    "ExtraFuelCost": 0.0001589645107742399,
    "CancelCost": 0,
    "FollowGain": -67.80000000000004,
    "Objective": 1978.7225401730393
}