{
    "DelayCost": 1069.67448,
    "ExtraFuelCost": 0.0,
    "CancelCost": 0.0,
    "FollowGain": -58.99999999999998,
    "Objective": 1010.6744799999999
}