{
    "DelayCost": 2046.5222999999999,
    "ExtraFuelCost": 0.00043528800597414374,
    "CancelCost": 0,
    "FollowGain": -67.80000000000004,
    "Objective": 1978.722980765131
}