{
    "DelayCost": 1069.67448,
    "ExtraFuelCost": 7.23824487067759e-05,
    "CancelCost": 0,
    "FollowGain": -59.00000000000021,
    "Objective": 1010.6747209437017
}