{
    "DelayCost": 2046.5222999999996,
    "ExtraFuelCost": 0.0,
    "CancelCost": 0.0,
    "FollowGain": -66.19999999999999,
    "Objective": 1980.3222999999996
}