index,Tail,Flight,Crew,From,To,RDT,RAT,Flight_time,Cruise_time,Distance,Capacity,Pax,Timestring,Delay
0,T00,F04,C02,LAX,ORD,19979.99999999998,32588.99999999998,12609.0,10808.99999882868,2802,6,6,05:32 -> 09:03,
1,T00,F01,C02,ORD,ATL,43744.0,48136.0,4392.0,2591.999999883095,976,6,4,12:09 -> 13:22,
2,T00,F02,C01,ATL,ORD,63587.0,67979.0,4392.0,2591.9999992525395,976,6,4,17:39 -> 18:52,
3,T00,F03,C01,ORD,LAX,76374.0,88983.0,12609.0,10808.99999646072,2802,6,4,21:12 -> 00:43 (+1),
4,T01,F00,C00,LAX,ORD,30659.99999999997,43268.99999999997,12609.0,10808.99999888282,2802,6,2,08:30 -> 12:01,03:00
5,T01,F05,C00,ORD,ATL,50394.0,54786.0,4392.0,2591.999999881802,976,6,4,13:59 -> 15:13,
6,T01,F06,C00,ATL,ORD,77950.0,82342.0,4392.0,2591.9999992525395,976,6,4,21:39 -> 22:52,
