{
    "z_F00": 0.0,
    "dt_F00": 30659.99999999997,
    "at_F00": 43268.99999999997,
    "deltat_F00": 0.0,
    "y_F00_T00": 0.0,
    "v_F00_T00": 0.0,
    "crt_F00_T00": 1.329693986917846e-06,
    "fc_F00_T00": 1.624748863534295e-05,
    "tau1_F00_T00": 1.8777091267369464e-10,
    "tau3_F00_T00": 5.691100556209057e-07,
    "tau4_F00_T00": 3.6467602971764754e-08,
    "w_F00_T00": 2.1803220388465084e-09,
    "y_F00_T01": 1.0,
    "v_F00_T01": 0.20738273652741743,
    "crt_F00_T01": 10808.999998670306,
    "fc_F00_T01": 10503.886539882367,
    "tau1_F00_T01": 0.04300759946716859,
    "tau3_F00_T01": 23.2517051486189,
    "tau4_F00_T01": 112.11977103773765,
    "w_F00_T01": 4.82200213688164,
    "z_F01": 0.0,
    "dt_F01": 43744.0,
    "at_F01": 48136.0,
    "deltat_F01": 0.0,
    "y_F01_T00": 1.0,
    "v_F01_T00": 0.301234567789086,
    "crt_F01_T00": 2591.9999998290787,
    "fc_F01_T00": 5101.316711120334,
    "tau1_F01_T00": 0.09074226488864179,
    "tau3_F01_T00": 11.020224628984034,
    "tau4_F01_T00": 36.58352741980122,
    "w_F01_T00": 3.3196721326750103,
    "y_F01_T01": 0.0,
    "v_F01_T01": 0.0,
    "crt_F01_T01": 1.7092112786858418e-07,
    "fc_F01_T01": 6.540815037920084e-06,
    "tau1_F01_T01": 1.9355961556579251e-10,
    "tau3_F01_T01": 1.6426452990578355e-06,
    "tau4_F01_T01": 1.0517898232427269e-07,
    "w_F01_T01": 3.725703102151191e-09,
    "z_F02": 0.0,
    "dt_F02": 63587.0,
    "at_F02": 67979.0,
    "deltat_F02": 0.0,
    "y_F02_T00": 1.0,
    "v_F02_T00": 0.30123456779280616,
    "crt_F02_T00": 2591.999999025949,
    "fc_F02_T00": 5101.316712259606,
    "tau1_F02_T00": 0.09074226493119353,
    "tau3_F02_T00": 11.020224684257064,
    "tau4_F02_T00": 36.58352740803612,
    "w_F02_T00": 3.3196721327084733,
    "y_F02_T01": 0.0,
    "v_F02_T01": 0.0,
    "crt_F02_T01": 9.740510904521216e-07,
    "fc_F02_T01": 0.0,
    "tau1_F02_T01": 0.0,
    "tau3_F02_T01": 0.0,
    "tau4_F02_T01": 0.0,
    "w_F02_T01": 0.0,
    "z_F03": 0.0,
    "dt_F03": 76374.0,
    "at_F03": 88983.0,
    "deltat_F03": 0.0,
    "y_F03_T00": 1.0,
    "v_F03_T00": 0.20738274373712476,
    "crt_F03_T00": 10808.999996010389,
    "fc_F03_T00": 10503.886659273949,
    "tau1_F03_T00": 0.04300760244621982,
    "tau3_F03_T00": 23.251703493068806,
    "tau4_F03_T00": 112.11975897541816,
    "w_F03_T00": 4.822001964927822,
    "y_F03_T01": 0.0,
    "v_F03_T01": 0.0,
    "crt_F03_T01": 3.9896112866699696e-06,
    "fc_F03_T01": 0.0,
    "tau1_F03_T01": 0.0,
    "tau3_F03_T01": 0.0,
    "tau4_F03_T01": 0.0,
    "w_F03_T01": 0.0,
    "z_F04": 0.0,
    "dt_F04": 19979.99999999998,
    "at_F04": 32588.99999999998,
    "deltat_F04": 0.0,
    "y_F04_T00": 1.0,
    "v_F04_T00": 0.2073827365255364,
    "crt_F04_T00": 10808.999998672234,
    "fc_F04_T00": 10503.88648869946,
    "tau1_F04_T00": 0.043007599459705004,
    "tau3_F04_T00": 23.251705150688743,
    "tau4_F04_T00": 112.11976882404386,
    "w_F04_T00": 4.822002137092402,
    "y_F04_T01": 0.0,
    "v_F04_T01": 0.0,
    "crt_F04_T01": 1.3277664025066855e-06,
    "fc_F04_T01": 1.624748863534295e-05,
    "tau1_F04_T01": 1.8777091267369464e-10,
    "tau3_F04_T01": 5.691100556209057e-07,
    "tau4_F04_T01": 3.6467602971764754e-08,
    "w_F04_T01": 2.1803220388465084e-09,
    "z_F05": 0.0,
    "dt_F05": 50394.0,
    "at_F05": 54786.0,
    "deltat_F05": 0.0,
    "y_F05_T00": 0.0,
    "v_F05_T00": 0.0,
    "crt_F05_T00": 1.7112051864387468e-07,
    "fc_F05_T00": 6.540815037920084e-06,
    "tau1_F05_T00": 1.9355961556579251e-10,
    "tau3_F05_T00": 1.6426452990578355e-06,
    "tau4_F05_T00": 1.0517898232427269e-07,
    "w_F05_T00": 3.725703102151191e-09,
    "y_F05_T01": 1.0,
    "v_F05_T01": 0.30123456778939833,
    "crt_F05_T01": 2591.9999998288795,
    "fc_F05_T01": 5101.316711214848,
    "tau1_F05_T01": 0.09074226489120707,
    "tau3_F05_T01": 11.020224629007123,
    "tau4_F05_T01": 36.58352742232397,
    "w_F05_T01": 3.3196721326784084,
    "z_F06": 0.0,
    "dt_F06": 77950.0,
    "at_F06": 82342.0,
    "deltat_F06": 0.0,
    "y_F06_T00": 0.0,
    "v_F06_T00": 0.0,
    "crt_F06_T00": 9.740510904521216e-07,
    "fc_F06_T00": 0.0,
    "tau1_F06_T00": 0.0,
    "tau3_F06_T00": 0.0,
    "tau4_F06_T00": 0.0,
    "w_F06_T00": 0.0,
    "y_F06_T01": 1.0,
    "v_F06_T01": 0.30123456779280616,
    "crt_F06_T01": 2591.999999025949,
    "fc_F06_T01": 5101.316712259606,
    "tau1_F06_T01": 0.09074226493119353,
    "tau3_F06_T01": 11.020224684257064,
    "tau4_F06_T01": 36.58352740803612,
    "w_F06_T01": 3.3196721327084733,
    "x_T00_F00_F01": 0.0,
    "x_T00_F00_F03": 0.0,
    "x_T00_F00_F05": 0.0,
    "x_T00_F01_F02": 1.0,
    "x_T00_F03_T-T00": 1.0,
    "x_T00_F05_F02": 0.0,
    "x_T00_F02_F03": 1.0,
    "x_T00_F04_F01": 1.0,
    "x_T00_F04_F03": 0.0,
    "x_T00_F04_F05": 0.0,
    "x_T00_S-T00_F04": 1.0,
    "x_T00_S-T00_F00": 0.0,
    "x_T01_F00_F01": 0.0,
    "x_T01_F00_F05": 1.0,
    "x_T01_F00_T-T01": 0.0,
    "x_T01_F01_F02": 0.0,
    "x_T01_F01_F06": 0.0,
    "x_T01_F05_F02": 0.0,
    "x_T01_F05_F06": 1.0,
    "x_T01_F02_T-T01": 0.0,
    "x_T01_F06_T-T01": 1.0,
    "x_T01_F04_F01": 0.0,
    "x_T01_F04_F05": 0.0,
    "x_T01_F04_T-T01": 0.0,
    "x_T01_S-T01_F00": 1.0,
    "x_T01_S-T01_F04": 0.0,
    "x_C00_F00_F01": 0.0,
    "x_C00_F00_F05": 1.0,
    "x_C00_F00_T-C00": 0.0,
    "x_C00_F01_F02": 0.0,
    "x_C00_F01_F06": 0.0,
    "x_C00_F05_F02": 0.0,
    "x_C00_F05_F06": 1.0,
    "x_C00_F02_T-C00": 0.0,
    "x_C00_F06_T-C00": 1.0,
    "x_C00_F04_F01": 0.0,
    "x_C00_F04_F05": 0.0,
    "x_C00_F04_T-C00": 0.0,
    "x_C00_S-C00_F04": 0.0,
    "x_C00_S-C00_F00": 1.0,
    "x_C01_F02_F03": 1.0,
    "x_C01_F03_T-C01": 1.0,
    "x_C01_S-C01_F06": 0.0,
    "x_C01_S-C01_F02": 1.0,
    "x_C02_F00_F01": 0.0,
    "x_C02_F00_F05": 0.0,
    "x_C02_F01_T-C02": 1.0,
    "x_C02_F05_T-C02": 0.0,
    "x_C02_F04_F01": 1.0,
    "x_C02_F04_F05": 0.0,
    "x_C02_S-C02_F04": 1.0,
    "x_C02_S-C02_F00": 0.0,
    "x_I00P00_F00_F01": 0.0,
    "x_I00P00_F00_F05": 0.0,
    "x_I00P00_F00_T-I00P00": 1.0,
    "x_I00P00_F01_F02": 0.0,
    "x_I00P00_F01_F06": 0.0,
    "x_I00P00_F05_F02": 0.0,
    "x_I00P00_F05_F06": 0.0,
    "x_I00P00_F02_T-I00P00": 0.0,
    "x_I00P00_F06_T-I00P00": 0.0,
    "x_I00P00_F04_F01": 0.0,
    "x_I00P00_F04_F05": 0.0,
    "x_I00P00_F04_T-I00P00": 0.0,
    "x_I00P00_S-I00P00_F00": 1.0,
    "x_I00P00_S-I00P00_F04": 0.0,
    "x_I00P01_F00_F01": 0.0,
    "x_I00P01_F00_F05": 0.0,
    "x_I00P01_F00_T-I00P01": 0.0,
    "x_I00P01_F01_F02": 0.0,
    "x_I00P01_F01_F06": 0.0,
    "x_I00P01_F05_F02": 0.0,
    "x_I00P01_F05_F06": 0.0,
    "x_I00P01_F02_T-I00P01": 0.0,
    "x_I00P01_F06_T-I00P01": 0.0,
    "x_I00P01_F04_F01": 0.0,
    "x_I00P01_F04_F05": 0.0,
    "x_I00P01_F04_T-I00P01": 1.0,
    "x_I00P01_S-I00P01_F00": 0.0,
    "x_I00P01_S-I00P01_F04": 1.0,
    "x_I00P02_F00_F01": 0.0,
    "x_I00P02_F00_F05": 0.0,
    "x_I00P02_F00_T-I00P02": 0.0,
    "x_I00P02_F01_F02": 0.0,
    "x_I00P02_F01_F06": 0.0,
    "x_I00P02_F05_F02": 0.0,
    "x_I00P02_F05_F06": 0.0,
    "x_I00P02_F02_T-I00P02": 0.0,
    "x_I00P02_F06_T-I00P02": 0.0,
    "x_I00P02_F04_F01": 0.0,
    "x_I00P02_F04_F05": 0.0,
    "x_I00P02_F04_T-I00P02": 1.0,
    "x_I00P02_S-I00P02_F04": 1.0,
    "x_I00P02_S-I00P02_F00": 0.0,
    "x_I00P03_F00_F01": 0.0,
    "x_I00P03_F00_F05": 0.0,
    "x_I00P03_F00_T-I00P03": 0.0,
    "x_I00P03_F01_F02": 0.0,
    "x_I00P03_F01_F06": 0.0,
    "x_I00P03_F05_F02": 0.0,
    "x_I00P03_F05_F06": 0.0,
    "x_I00P03_F02_T-I00P03": 0.0,
    "x_I00P03_F06_T-I00P03": 0.0,
    "x_I00P03_F04_F01": 0.0,
    "x_I00P03_F04_F05": 0.0,
    "x_I00P03_F04_T-I00P03": 1.0,
    "x_I00P03_S-I00P03_F00": 0.0,
    "x_I00P03_S-I00P03_F04": 1.0,
    "x_I01P00_F05_T-I01P00": 0.0,
    "x_I01P00_F01_T-I01P00": 1.0,
    "x_I01P00_S-I01P00_F05": 0.0,
    "x_I01P00_S-I01P00_F01": 1.0,
    "x_I01P00_S-I01P00_F03": 0.0,
    "x_I01P01_F05_T-I01P01": 0.0,
    "x_I01P01_F01_T-I01P01": 1.0,
    "x_I01P01_S-I01P01_F01": 1.0,
    "x_I01P01_S-I01P01_F03": 0.0,
    "x_I01P01_S-I01P01_F05": 0.0,