{
    "DelayCost": 1229.04,
    "ExtraFuelCost": 8.237124711740762e-05,
    "CancelCost": 0,
    "FollowGain": -53.50000000000022,
    "Objective": 1175.540161512079
}