{
    "DelayCost": 1192.57848,
    "ExtraFuelCost": 0.0,
    "CancelCost": 0.0,
    "FollowGain": -58.99999999999998,
    "Objective": 1133.57848
}