{
    "DelayCost": 1192.57848,
    "ExtraFuelCost": 7.094838656485081e-05,
    "CancelCost": 0,
    "FollowGain": -59.00000000000021,
    "Objective": 1133.5787351242907
}