{
    "DelayCost": 737.424,
    "ExtraFuelCost": -0.0010515453905100003,
    "CancelCost": 0,
    "FollowGain": -59.00000000000021,
    "Objective": 678.4229484539537
}