{
    "DelayCost": 614.5199999999999,
    "ExtraFuelCost": 0.0,
    "CancelCost": 0.0,
    "FollowGain": -63.19999999999997,
    "Objective": 551.3199999999999
}