{
    "DelayCost": 614.52,
    "ExtraFuelCost": 5.480220715980977e-05,
    "CancelCost": 0,
    "FollowGain": -63.50000000000022,
    "Objective": 551.0201476799266
}