{
    "DelayCost": 1474.848,
    "ExtraFuelCost": 0.00010245660087093711,
    "CancelCost": 0,
    "FollowGain": -59.00000000000021,
    "Objective": 1415.8483807733865
}