{
    "DelayCost": 1890.8780399999998,
    "ExtraFuelCost": 7.675994129385799e-05,
    "CancelCost": 0,
    "FollowGain": -53.100000000000186,
    "Objective": 1837.7782058121666
}