{
    "DelayCost": 56975.20344,
    "ExtraFuelCost": 0.00011121465649921447,
    "CancelCost": 0,
    "FollowGain": -430.6000000000292,
    "Objective": 56546.11182406894
}