{
    "DelayCost": 59714.07501046992,
    "ExtraFuelCost": 0.0,
    "CancelCost": 0.0,
    "FollowGain": -446.6000000000001,
    "Objective": 59267.47501046992
}