{
    "DelayCost": 737.424,
    "ExtraFuelCost": 0.00010199206008110195,
    "CancelCost": 0,
    "FollowGain": -59.00000000000021,
    "Objective": 678.424379849399
}