index,Tail,Flight,Crew,From,To,RDT,RAT,Flight_time,Cruise_time,Distance,Capacity,Pax,Timestring,Delay
0,T00,F00,C00,ORD,ATL,19920.0,24312.0,4392.0,2592.0000049884,976,120,96,05:32 -> 06:45,
1,T00,F01,C00,ATL,ORD,42030.0,46252.45159611086,4222.451596110863,2422.4515949619085,976,120,96,11:40 -> 12:50,01:27
2,T00,F07,C00,ORD,ATL,48052.45159611086,52444.451593894344,4391.999997783481,2591.9999956720953,976,120,96,13:20 -> 14:34,00:18
3,T00,F03,C00,ATL,ORD,70766.0,75157.99999908442,4391.999999084423,2591.99999692564,976,120,96,19:39 -> 20:52,
4,T00,F04,C00,ORD,ATL,77007.0,81398.99999883154,4391.999998831539,2591.9999988315394,976,120,96,21:23 -> 22:36,
5,T00,F05,C00,ATL,ORD,88552.0,92943.99999883032,4391.999998830317,2591.999998830313,976,120,96,00:35 (+1) -> 01:49 (+1),
6,T01,F06,C01,LAX,ORD,20160.0,32769.0,12609.0,10808.999982897434,2802,120,96,05:36 -> 09:06,
7,T01,F02,C01,ORD,ATL,45018.0,49410.0,4392.0,2591.999998783004,976,120,96,12:30 -> 13:43,
8,T01,F08,C01,ATL,ORD,61196.0,65587.99999922464,4391.999999224645,2591.999997286036,976,120,96,16:59 -> 18:13,
