{
    "ACF50": 3.78389910804032e-07,
    "ACF100": 2.7879566624714127e-06,
    "ACF150": 0.008403144973807722,
    "ACF200": 0.0017275967390438377,
    "ACF250": 0.0011434145394485311,
    "ACF300": 0.007718860314482315,
    "ACF350": 0.001928970228563025,
    "ACF400": 0.0022672772858909635
}