{
    "ACF50": 6.570371389389038,
    "ACF100": 36.7852349281311,
    "ACF150": 198.8117151260376,
    "ACF200": 174.2469837665558,
    "ACF250": 234.97844171524048,
    "ACF300": 364.7847661972046,
    "ACF350": 541.1213726997375,
    "ACF400": 815.8403341770172
}