{
    "DelayCost": 983.2319999999999,
    "ExtraFuelCost": 7.675994129385799e-05,
    "CancelCost": 0,
    "FollowGain": -53.100000000000186,
    "Objective": 930.1321658121888
}