{
    "DelayCost": 983.2319999999999,
    "ExtraFuelCost": 0.0,
    "CancelCost": 0.0,
    "FollowGain": -52.799999999999976,
    "Objective": 930.4319999999999
}