{
    "DelayCost": 809.1179999999999,
    "ExtraFuelCost": 0.0,
    "CancelCost": 0.0,
    "FollowGain": -84.49999999999999,
    "Objective": 724.6179999999999
}