{
    "DelayCost": 809.1179999999999,
    "ExtraFuelCost": 0.0004783810582011938,
    "CancelCost": 0,
    "FollowGain": -85.69999999999882,
    "Objective": 723.4186563546828
}