{
    "DelayCost": 809.1179999999999,
    "ExtraFuelCost": 0.0003237345954403281,
    "CancelCost": 0,
    "FollowGain": -85.69999999999882,
    "Objective": 723.4185240333609
}