{
    "DelayCost": 267331.2749613037,
    "ExtraFuelCost": 0.0,
    "CancelCost": 0.0,
    "FollowGain": -1671.6000000000006,
    "Objective": 265659.6749613037
}