{
    "DelayCost": 262445.85588,
    "ExtraFuelCost": 0.0021802084520459175,
    "CancelCost": 0,
    "FollowGain": -1667.599999999584,
    "Objective": 260781.15776649164
}