{
    "DelayCost": 1417.8000599999998,
    "ExtraFuelCost": -0.0004301217704778537,
    "CancelCost": 0,
    "FollowGain": -63.50000000000022,
    "Objective": 1354.299871967538
}