{
    "DelayCost": 55780.06971999999,
    "ExtraFuelCost": 0.00037151703145354986,
    "CancelCost": 0,
    "FollowGain": -788.8000000001106,
    "Objective": 54993.552858306124
}