{
    "DelayCost": 56369.42064864997,
    "ExtraFuelCost": 0.0,
    "CancelCost": 0.0,
    "FollowGain": -808.7000000000002,
    "Objective": 55560.72064864997
}