Cost_term,Value,Percentage
extra_fuel_cost,1669.444576715139,12%
delay_cost,12086.37936,88%
cancel_cost,0.0,0%
follow_cost,-6.059830519545358,-0%
objective,13749.764106195595,100%
