Cost_term,Value,Percentage
extra_fuel_cost,1151.577936054249,37%
delay_cost,1973.3944199999999,63%
cancel_cost,0.0,0%
follow_cost,-5.635547998042057,-0%
objective,3119.336808056207,100%
