{
    "DelayCost": 31601.3301879427,
    "ExtraFuelCost": 0.0,
    "CancelCost": 0.0,
    "FollowGain": -829.1,
    "Objective": 30772.230187942703
}