{
    "DelayCost": 31602.032399999996,
    "ExtraFuelCost": 0.001137232087785378,
    "CancelCost": 0,
    "FollowGain": -830.1000000001193,
    "Objective": 30771.231698677148
}